Elena,639993169, /hi
Elena,639993169, /help
Elena,639993169, /time
Elena,639993169, /help
Elena,639993169, /help
Elena,639993169, /exch
Elena,639993169, /help
Elena,639993169, /exch
Elena,639993169, /help
Elena,639993169, /exch
Elena,639993169, /exch
Elena,639993169, /help
Elena,639993169, /exch
Elena,639993169, /help
Elena,639993169, /help
Elena,639993169, /exch
Elena,639993169, /exch USD
Elena,639993169, /help
Elena,639993169, /time
Elena,639993169, /hi
Elena,639993169, /exch
Elena,639993169, /help
Elena,639993169, /exch USD
Elena,639993169, /exch USD
Elena,639993169, /exch
Elena,639993169, /exch
Elena,639993169, /exch
Elena,639993169, /exch USD
Elena,639993169, /exch USD
Elena,639993169, /exch USD
Elena,639993169, /exch USD
Elena,639993169, /exch USD
Elena,639993169, /exch USD
Elena,639993169, /exch EUR
Elena,639993169, /help
Elena,639993169, /hi
Elena,639993169, /time
Elena,639993169, /exch ZAR
